"","Treatment","Habitat","Site","Region"
"pH-F",5756.88429728537,18550.3357942512,4435.2426434372,5178.15901250271
"pH-P",0,0,0,0
"DO-F",462.703456239304,172.740330704071,674.528346701269,675.691697880509
"DO-P",0,2.11394920926593e-39,0,6.32337070737333e-291
"T-F",3327.64045878349,53.9099474814157,7441.95894273372,10106.388154345
"T-P",0,2.12307859687168e-13,0,0
