"","Treatment","Habitat","Site","Region"
"pH-F",9177.01824286002,518.841350166176,4287.46341154687,3046.279051583
"pH-P",0,7.56174520342316e-115,0,0
"DO-F",6629.7771796149,114.200950344348,5479.65026957029,4290.31405035606
"DO-P",0,1.17749992033925e-26,0,0
"T-F",7745.15336902332,7.18461344886952,7666.5168645819,2512.3202911507
"T-P",0,0.007353139220302,0,0
